Woodster451   // Woodster451
bentlyrage    // bently rage
Santey        // Santey
Boomi         // Boomi
rEDGUY        // rEDGUY
shox          // shox
antonio       // antonio
